Matrix A Size,Matrix B Size,Iterations,Cython (sec),Python (sec)
521x241,241x652,100,0.1339475417137146,9.9339475417137146
2500x250,250x2500,1,2.135,165.009
