Matrix A Size,Matrix B Size,Iterations,Cython,Python
521,241,100,0.1339475417137146,9.9339475417137146
2500,250,1,2.135,165.009
